{
    "loss": [
        1.3423488140106201,
        1.3573604822158813,
        1.603446125984192,
        1.600785732269287,
        1.6003488302230835,
        1.5999562740325928
    ],
    "accuracy": [
        0.6061113476753235,
        0.6142662763595581,
        0.503528356552124,
        0.5034511089324951,
        0.5034511089324951,
        0.5034511089324951
    ],
    "val_loss": [
        1.600732684135437,
        2.6060116291046143,
        2.067415237426758,
        1.6640605926513672,
        1.8681848049163818,
        1.9574596881866455
    ],
    "val_accuracy": [
        0.5104125142097473,
        0.5104125142097473,
        0.5104125142097473,
        0.5104125142097473,
        0.2728504240512848,
        0.5104125142097473
    ],
    "lr": [
        0.0010000000474974513,
        0.0010000000474974513,
        0.00020000000949949026,
        0.00020000000949949026,
        4.0000002627493814e-05,
        4.0000002627493814e-05
    ]
}