{
    "loss": [
        1.2752071619033813,
        1.4940094947814941,
        1.0861626863479614,
        0.8097314834594727,
        0.7920446991920471,
        0.769039511680603,
        0.7711138129234314,
        0.8598618507385254,
        0.8605692386627197,
        0.7956644296646118,
        0.8073246479034424
    ],
    "accuracy": [
        0.6670641899108887,
        0.5388439893722534,
        0.678240954875946,
        0.7786836624145508,
        0.7827425599098206,
        0.7860673069953918,
        0.7882096171379089,
        0.7818048000335693,
        0.7702609300613403,
        0.7768382430076599,
        0.7764801979064941
    ],
    "val_loss": [
        3.0585482120513916,
        2.2484662532806396,
        0.8187282085418701,
        0.8824790120124817,
        0.7775751948356628,
        0.7639079093933105,
        0.7779900431632996,
        2.3748583793640137,
        1.9925612211227417,
        2.4382035732269287,
        0.772098183631897
    ],
    "val_accuracy": [
        0.508845329284668,
        0.5104125142097473,
        0.7817090153694153,
        0.7753738760948181,
        0.7876590490341187,
        0.7901957631111145,
        0.7911520004272461,
        0.4950195252895355,
        0.5425000786781311,
        0.29684966802597046,
        0.7835285663604736
    ],
    "lr": [
        0.0010000000474974513,
        0.0010000000474974513,
        0.0010000000474974513,
        0.0010000000474974513,
        0.0010000000474974513,
        0.0010000000474974513,
        0.0010000000474974513,
        0.00020000000949949026,
        0.00020000000949949026,
        4.0000002627493814e-05,
        4.0000002627493814e-05
    ]
}