{
    "loss": [
        8.130217552185059,
        10.141911506652832,
        8.676342964172363,
        7.469559192657471,
        3.5435385704040527,
        1.7193858623504639,
        1.6871838569641113,
        1.0526866912841797,
        1.0255317687988281,
        0.8507346510887146,
        0.8377954959869385,
        0.8254202604293823,
        0.8312727212905884,
        0.8185056447982788,
        0.8419204354286194,
        0.8600995540618896,
        0.862899899482727
    ],
    "accuracy": [
        0.6193411350250244,
        0.6524994373321533,
        0.7215169072151184,
        0.5039806962013245,
        0.6346219778060913,
        0.7586629390716553,
        0.7458413243293762,
        0.7551134824752808,
        0.7222480773925781,
        0.7678558826446533,
        0.7667626738548279,
        0.7686421871185303,
        0.7677375674247742,
        0.7704575061798096,
        0.7653053998947144,
        0.764153003692627,
        0.7637759447097778
    ],
    "val_loss": [
        12.717135429382324,
        6.144099712371826,
        11.071920394897461,
        14.204963684082031,
        3.364847183227539,
        4.220264911651611,
        3.4959189891815186,
        3.805729389190674,
        3.4905529022216797,
        2.161492347717285,
        1.922792911529541,
        1.805318832397461,
        4.220580101013184,
        2.7548813819885254,
        3.141331195831299,
        5.239784240722656,
        2.147690773010254
    ],
    "val_accuracy": [
        0.0020984408911317587,
        0.7671129107475281,
        0.0003320317773614079,
        0.029418013989925385,
        0.2728504240512848,
        0.5104125142097473,
        0.18349403142929077,
        0.5104125142097473,
        0.2043323516845703,
        0.5104125142097473,
        0.5104125142097473,
        0.5104125142097473,
        0.5104125142097473,
        0.17200574278831482,
        0.28420591354370117,
        0.5104125142097473,
        0.5104125142097473
    ],
    "lr": [
        0.0010000000474974513,
        0.0010000000474974513,
        0.0010000000474974513,
        0.00020000000949949026,
        0.00020000000949949026,
        0.00020000000949949026,
        4.0000002627493814e-05,
        4.0000002627493814e-05,
        9.999999747378752e-06,
        9.999999747378752e-06,
        9.999999747378752e-06,
        9.999999747378752e-06,
        9.999999747378752e-06,
        9.999999747378752e-06,
        9.999999747378752e-06,
        9.999999747378752e-06,
        9.999999747378752e-06
    ]
}