{
    "accuracy": [
        0.769655168056488,
        0.7738204002380371,
        0.530166506767273,
        0.5034511089324951,
        0.5034500956535339,
        0.5034511089324951,
        0.5034511089324951
    ],
    "loss": [
        1.0054001808166504,
        0.9691309332847595,
        1.7320613861083984,
        1.8340957164764404,
        1.6605122089385986,
        1.6139781475067139,
        1.6050076484680176
    ],
    "val_accuracy": [
        0.778189480304718,
        0.7794511914253235,
        0.5104125142097473,
        0.5104125142097473,
        0.5104125142097473,
        3.9843813283368945e-05,
        0.5104125142097473
    ],
    "val_loss": [
        0.9837462306022644,
        0.9253522157669067,
        2.56575083732605,
        1.8486051559448242,
        2.0012521743774414,
        45.525856018066406,
        1.8738775253295898
    ],
    "learning_rate": [
        0.0010000000474974513,
        0.0010000000474974513,
        0.0010000000474974513,
        0.0010000000474974513,
        0.00020000000949949026,
        0.00020000000949949026,
        4.0000002627493814e-05
    ]
}