{
    "loss": [
        0.6624074578285217,
        0.5525553226470947,
        0.5282168388366699,
        0.5134180784225464,
        0.5023462772369385,
        0.4933525025844574,
        0.4849269688129425,
        0.4778386354446411,
        0.4707161784172058,
        0.4643014967441559,
        0.45791736245155334,
        0.451888769865036,
        0.44621768593788147,
        0.4402849078178406,
        0.4344351589679718,
        0.4291793406009674,
        0.4237510859966278,
        0.418558806180954
    ],
    "accuracy": [
        0.8018827438354492,
        0.8245231509208679,
        0.8319690227508545,
        0.8364140391349792,
        0.8392333388328552,
        0.8418530225753784,
        0.8441667556762695,
        0.8464394807815552,
        0.8486238718032837,
        0.850334882736206,
        0.8525353670120239,
        0.8538541793823242,
        0.8557056188583374,
        0.857458770275116,
        0.859222948551178,
        0.8607865571975708,
        0.8622849583625793,
        0.8639247417449951
    ],
    "val_loss": [
        0.5656891465187073,
        0.5504932403564453,
        0.528184711933136,
        0.5216026306152344,
        0.5143840312957764,
        0.5048570036888123,
        0.5063848495483398,
        0.5045294761657715,
        0.4986504018306732,
        0.49108177423477173,
        0.49186277389526367,
        0.49248528480529785,
        0.4870082139968872,
        0.4875674247741699,
        0.49267148971557617,
        0.48983708024024963,
        0.48929741978645325,
        0.48808178305625916
    ],
    "val_accuracy": [
        0.8236114382743835,
        0.827927827835083,
        0.8351661562919617,
        0.8353520631790161,
        0.8386458158493042,
        0.8416606783866882,
        0.8405184745788574,
        0.8418864607810974,
        0.8446091413497925,
        0.8485403656959534,
        0.8470130562782288,
        0.8491911888122559,
        0.8481419682502747,
        0.8482348918914795,
        0.8490716218948364,
        0.8498950600624084,
        0.8504396080970764,
        0.8498950600624084
    ]
}