{
    "accuracy": [
        0.7733931541442871,
        0.7752806544303894,
        0.7754250764846802,
        0.7755604982376099,
        0.7755253911018372,
        0.7756778597831726,
        0.7765283584594727,
        0.7766717672348022,
        0.776643693447113,
        0.7768523097038269,
        0.7769315242767334,
        0.7768903970718384,
        0.7770177721977234,
        0.7771320939064026,
        0.7771270871162415,
        0.7778863310813904,
        0.7781500816345215,
        0.7783456444740295,
        0.7784048318862915,
        0.7784960865974426,
        0.7786566019058228,
        0.7788922786712646,
        0.77888023853302,
        0.7789083123207092,
        0.7790266871452332,
        0.7790296673774719,
        0.7789945602416992
    ],
    "loss": [
        0.8857229351997375,
        0.8496949672698975,
        0.8445762395858765,
        0.8419661521911621,
        0.8406047821044922,
        0.8394619822502136,
        0.8221082091331482,
        0.8201028108596802,
        0.8192582130432129,
        0.8182962536811829,
        0.8176229596138,
        0.817065954208374,
        0.8161847591400146,
        0.8155714273452759,
        0.8148832321166992,
        0.8083798289299011,
        0.8066360354423523,
        0.80558180809021,
        0.8047367334365845,
        0.8038439750671387,
        0.8030116558074951,
        0.8003199696540833,
        0.7997519969940186,
        0.7992850542068481,
        0.798848569393158,
        0.7984492778778076,
        0.7982751727104187
    ],
    "val_accuracy": [
        0.7763434052467346,
        0.7802481055259705,
        0.7799426317214966,
        0.7808058857917786,
        0.7803145051002502,
        0.7794910669326782,
        0.780128538608551,
        0.7808855772018433,
        0.7804605960845947,
        0.7802879214286804,
        0.7805668711662292,
        0.7797965407371521,
        0.7794511914253235,
        0.7791191935539246,
        0.7799426317214966,
        0.7812309265136719,
        0.7815231084823608,
        0.7806863784790039,
        0.7808590531349182,
        0.7802879214286804,
        0.78038090467453,
        0.7811246514320374,
        0.7804207801818848,
        0.7803410887718201,
        0.7808324694633484,
        0.7805402874946594,
        0.7805402874946594
    ],
    "val_loss": [
        0.8539543151855469,
        0.8387827277183533,
        0.8428809642791748,
        0.832554280757904,
        0.8387622237205505,
        0.8453007340431213,
        0.821380078792572,
        0.8198045492172241,
        0.8206673264503479,
        0.819221019744873,
        0.8186579346656799,
        0.8195730447769165,
        0.8176569938659668,
        0.8197929263114929,
        0.8189199566841125,
        0.8129462003707886,
        0.8126928806304932,
        0.8120967149734497,
        0.8117905259132385,
        0.8128371238708496,
        0.8130421042442322,
        0.8101291656494141,
        0.810679018497467,
        0.8108978867530823,
        0.8103009462356567,
        0.8107080459594727,
        0.8103132843971252
    ],
    "learning_rate": [
        0.0010000000474974513,
        0.0010000000474974513,
        0.0010000000474974513,
        0.0010000000474974513,
        0.0010000000474974513,
        0.0010000000474974513,
        0.00020000000949949026,
        0.00020000000949949026,
        0.00020000000949949026,
        0.00020000000949949026,
        0.00020000000949949026,
        0.00020000000949949026,
        0.00020000000949949026,
        0.00020000000949949026,
        0.00020000000949949026,
        4.0000002627493814e-05,
        4.0000002627493814e-05,
        4.0000002627493814e-05,
        4.0000002627493814e-05,
        4.0000002627493814e-05,
        4.0000002627493814e-05,
        9.999999747378752e-06,
        9.999999747378752e-06,
        9.999999747378752e-06,
        9.999999747378752e-06,
        9.999999747378752e-06,
        9.999999747378752e-06
    ]
}