{
	"accuracy": [0.7958, 0.8285, 0.8342, 0.8370, 0.8395, 0.8415, 0.8445, 0.8462, 0.8483, 0.8506, 0.8525, 0.8521, 0.8559, 0.8627, 0.8644, 0.8665, 0.8691, 0.8705, 0.8734, 0.8753, 0.8761],
	"loss": [0.6931, 0.5469, 0.5253, 0.5141, 0.5076, 0.5016, 0.4903, 0.4841, 0.4766, 0.4686, 0.4670, 0.4661, 0.4518, 0.4268, 0.4192, 0.4118, 0.4042, 0.3984, 0.3877, 0.3832, 0.3805],
	"val_accuracy": [0.8235, 0.8310, 0.8337, 0.8350, 0.8399, 0.8420, 0.8440, 0.8403, 0.8448, 0.8464, 0.8460, 0.8458, 0.8501, 0.8511, 0.8507, 0.8524, 0.8515, 0.8522, 0.8525, 0.8525, 0.8526],
	"val_loss": [0.5646, 0.5437, 0.5357, 0.5303, 0.5184, 0.5072, 0.5022, 0.5164, 0.4987, 0.4940, 0.4983, 0.5029, 0.4843, 0.4811, 0.4815, 0.4778, 0.4783, 0.4797, 0.4790, 0.4785, 0.4787],
	"learning_rate": [0.0010, 0.0010, 0.0010, 0.0010, 0.0010, 0.0010, 0.0010, 0.0010, 0.0010, 0.0010, 0.0010, 0.0010, 0.0002, 0.0002, 0.0002, 0.0002, 0.0002, 0.0002, 0.00004, 0.00004, 0.00001]
}