{
    "loss": [
        1.3208423852920532,
        1.4147542715072632,
        1.3078367710113525,
        1.7015284299850464,
        1.318077564239502,
        1.2539684772491455,
        1.2220231294631958,
        1.2307229042053223,
        1.199867606163025,
        1.2301775217056274,
        1.1191432476043701,
        1.0625547170639038,
        1.0802103281021118,
        1.0618137121200562,
        1.0252217054367065,
        1.0148853063583374,
        1.0095990896224976,
        1.0069756507873535,
        1.0015977621078491,
        0.9975821375846863,
        0.9982578158378601,
        1.0061392784118652,
        0.9986442923545837,
        0.9999732971191406,
        1.000364899635315,
        0.9981117844581604,
        0.9979849457740784,
        0.9925300478935242,
        0.9982283115386963,
        0.9982219338417053,
        0.9978634715080261,
        0.995471715927124,
        0.9861350655555725
    ],
    "accuracy": [
        0.7486264705657959,
        0.7509151697158813,
        0.775420069694519,
        0.7310589551925659,
        0.6774606704711914,
        0.692421555519104,
        0.7088327407836914,
        0.7065801024436951,
        0.7335171103477478,
        0.7227585911750793,
        0.7507296204566956,
        0.7652181386947632,
        0.7591192722320557,
        0.7637538313865662,
        0.7718154788017273,
        0.7726640105247498,
        0.773942768573761,
        0.7744843363761902,
        0.7733018398284912,
        0.7740360498428345,
        0.7742266058921814,
        0.774479329586029,
        0.7742927670478821,
        0.773074209690094,
        0.7730581760406494,
        0.7736899852752686,
        0.7720872759819031,
        0.7740199565887451,
        0.7735907435417175,
        0.7739317417144775,
        0.7743258476257324,
        0.7747230529785156,
        0.7746678590774536
    ],
    "val_loss": [
        1.8591305017471313,
        1.235385775566101,
        1.3888393640518188,
        1.4639204740524292,
        1.19024658203125,
        1.1847906112670898,
        1.165850281715393,
        1.1371922492980957,
        1.2947241067886353,
        1.1607050895690918,
        1.0378870964050293,
        1.026273488998413,
        1.0334354639053345,
        1.0464098453521729,
        0.9929403066635132,
        1.0122228860855103,
        0.9964066743850708,
        0.9843933582305908,
        0.9819613099098206,
        0.9823394417762756,
        0.9828197360038757,
        0.9783148169517517,
        0.9772732257843018,
        0.9752803444862366,
        0.9776082038879395,
        0.9801435470581055,
        0.9774708151817322,
        0.967662513256073,
        0.9835687875747681,
        0.9736424088478088,
        0.9797821640968323,
        0.9693899154663086,
        0.9687076807022095
    ],
    "val_accuracy": [
        0.5104125142097473,
        0.7807261943817139,
        0.7789199948310852,
        0.6902276277542114,
        0.6536775827407837,
        0.7007198333740234,
        0.7725847959518433,
        0.7724387049674988,
        0.7065635919570923,
        0.7504316568374634,
        0.7710441946983337,
        0.772664487361908,
        0.7754004597663879,
        0.7611629366874695,
        0.7783488631248474,
        0.77348792552948,
        0.7801418304443359,
        0.7789067029953003,
        0.7801684141159058,
        0.7789996266365051,
        0.7807129621505737,
        0.7807660698890686,
        0.7787871360778809,
        0.778986394405365,
        0.7789996266365051,
        0.7802613973617554,
        0.7788535356521606,
        0.7789996266365051,
        0.7789465188980103,
        0.7789996266365051,
        0.7801153063774109,
        0.7807660698890686,
        0.778986394405365
    ],
    "lr": [
        0.0010000000474974513,
        0.0010000000474974513,
        0.0010000000474974513,
        0.00020000000949949026,
        0.00020000000949949026,
        0.00020000000949949026,
        0.00020000000949949026,
        0.00020000000949949026,
        0.00020000000949949026,
        4.0000002627493814e-05,
        4.0000002627493814e-05,
        4.0000002627493814e-05,
        4.0000002627493814e-05,
        9.999999747378752e-06,
        9.999999747378752e-06,
        9.999999747378752e-06,
        9.999999747378752e-06,
        9.999999747378752e-06,
        9.999999747378752e-06,
        9.999999747378752e-06,
        9.999999747378752e-06,
        9.999999747378752e-06,
        9.999999747378752e-06,
        9.999999747378752e-06,
        9.999999747378752e-06,
        9.999999747378752e-06,
        9.999999747378752e-06,
        9.999999747378752e-06,
        9.999999747378752e-06,
        9.999999747378752e-06,
        9.999999747378752e-06,
        9.999999747378752e-06,
        9.999999747378752e-06
    ]
}