{
    "loss": [
        2.3860998153686523,
        1.9992097616195679,
        1.9805428981781006,
        2.109004020690918,
        1.1811988353729248,
        0.9469945430755615,
        1.1325091123580933,
        0.9540260434150696,
        0.8276388645172119,
        0.7964677810668945,
        0.7865556478500366,
        0.7886209487915039,
        0.7854570150375366,
        0.7513477206230164,
        0.7301260232925415,
        0.7231382131576538,
        0.7138954401016235,
        0.7154316306114197,
        0.7118078470230103,
        0.7104349732398987,
        0.7075921893119812,
        0.7059218883514404,
        0.7088945508003235,
        0.7040673494338989,
        0.7036061882972717,
        0.7043009400367737
    ],
    "accuracy": [
        0.7357867956161499,
        0.7722949385643005,
        0.7771391272544861,
        0.7725676894187927,
        0.7745846509933472,
        0.7789223790168762,
        0.7735064625740051,
        0.7770839929580688,
        0.7816634178161621,
        0.7848036289215088,
        0.7858025431632996,
        0.7852509021759033,
        0.7860071659088135,
        0.7891945242881775,
        0.7894983887672424,
        0.7902014255523682,
        0.790783166885376,
        0.7905364632606506,
        0.791151225566864,
        0.7911040782928467,
        0.7921110391616821,
        0.7920588850975037,
        0.7916717529296875,
        0.7924731373786926,
        0.7922705411911011,
        0.7922685146331787
    ],
    "val_loss": [
        1.7482105493545532,
        1.640755295753479,
        2.8516738414764404,
        2.0824389457702637,
        0.9441712498664856,
        1.077201008796692,
        1.249445915222168,
        0.8358420133590698,
        0.7976465821266174,
        0.824992835521698,
        0.7797543406486511,
        0.780367910861969,
        0.7857497930526733,
        0.7477275729179382,
        0.7348697185516357,
        0.7188615798950195,
        0.7167416214942932,
        0.7312173843383789,
        0.7116204500198364,
        0.7066417932510376,
        0.7031860947608948,
        0.7049070596694946,
        0.7307590246200562,
        0.7108971476554871,
        0.7094711065292358,
        0.7159191966056824
    ],
    "val_accuracy": [
        0.774019181728363,
        0.7805004119873047,
        0.7741121649742126,
        0.7771269679069519,
        0.7849496603012085,
        0.7684277892112732,
        0.7757457494735718,
        0.7874598503112793,
        0.7888809442520142,
        0.7804074883460999,
        0.7884559035301208,
        0.7924004793167114,
        0.7876191735267639,
        0.7920418381690979,
        0.7915770411491394,
        0.7933434247970581,
        0.7940738797187805,
        0.7912316918373108,
        0.7923340797424316,
        0.7949106097221375,
        0.7944059371948242,
        0.794764518737793,
        0.7916168570518494,
        0.7934231162071228,
        0.7953488826751709,
        0.7927191853523254
    ],
    "lr": [
        0.0010000000474974513,
        0.0010000000474974513,
        0.0010000000474974513,
        0.00020000000949949026,
        0.00020000000949949026,
        0.00020000000949949026,
        4.0000002627493814e-05,
        4.0000002627493814e-05,
        4.0000002627493814e-05,
        4.0000002627493814e-05,
        4.0000002627493814e-05,
        4.0000002627493814e-05,
        9.999999747378752e-06,
        9.999999747378752e-06,
        9.999999747378752e-06,
        9.999999747378752e-06,
        9.999999747378752e-06,
        9.999999747378752e-06,
        9.999999747378752e-06,
        9.999999747378752e-06,
        9.999999747378752e-06,
        9.999999747378752e-06,
        9.999999747378752e-06,
        9.999999747378752e-06,
        9.999999747378752e-06,
        9.999999747378752e-06
    ]
}