{
    "loss": [
        1.472249984741211,
        1.8872147798538208,
        1.9100061655044556,
        1.8630534410476685,
        1.8583405017852783,
        1.850785255432129,
        1.9723789691925049,
        1.8717786073684692,
        1.8533879518508911,
        1.9485002756118774,
        1.679094910621643,
        1.6218873262405396,
        1.4100342988967896,
        1.1558613777160645,
        1.0277644395828247,
        0.9780716896057129,
        0.9059687852859497,
        0.8494863510131836,
        0.8291018605232239,
        0.8269841074943542,
        0.8113613724708557,
        0.8101513981819153,
        0.8003219962120056,
        0.7923170924186707,
        0.7847546339035034,
        0.7883215546607971,
        0.7670934796333313,
        0.774403989315033,
        0.7651994824409485,
        0.7497327923774719,
        0.7391852140426636,
        0.7362810969352722,
        0.7355759739875793,
        0.7292545437812805,
        0.731013298034668,
        0.7266930937767029,
        0.7231166958808899,
        0.7202451825141907,
        0.718855619430542,
        0.7164231538772583,
        0.718151330947876,
        0.7125890254974365,
        0.7117181420326233,
        0.7101338505744934,
        0.7139875292778015,
        0.7118980884552002,
        0.7126742005348206,
        0.7128386497497559,
        0.7136195302009583
    ],
    "accuracy": [
        0.6915700435638428,
        0.5049194097518921,
        0.5035313367843628,
        0.5034511089324951,
        0.5034511089324951,
        0.5034500956535339,
        0.5130613446235657,
        0.5083755850791931,
        0.530076265335083,
        0.5415930151939392,
        0.5135006308555603,
        0.5035674571990967,
        0.5885547995567322,
        0.6931727528572083,
        0.7460950613021851,
        0.7623888254165649,
        0.7674296498298645,
        0.7684616446495056,
        0.7693663239479065,
        0.7684025168418884,
        0.7707062363624573,
        0.7726148366928101,
        0.7732958793640137,
        0.7743439078330994,
        0.7754441499710083,
        0.7748193144798279,
        0.7771190404891968,
        0.7762244343757629,
        0.7778772711753845,
        0.7791891694068909,
        0.7797287106513977,
        0.7796846032142639,
        0.7797768712043762,
        0.7807246446609497,
        0.7807788252830505,
        0.7814066410064697,
        0.7814497947692871,
        0.7815290093421936,
        0.7816764116287231,
        0.7825148701667786,
        0.7820094227790833,
        0.7828328609466553,
        0.7832831740379333,
        0.782899022102356,
        0.7820495367050171,
        0.7825740575790405,
        0.782194972038269,
        0.7825720906257629,
        0.7818619608879089
    ],
    "val_loss": [
        2.6327133178710938,
        27.377901077270508,
        1.954609751701355,
        2.4643023014068604,
        1.8923131227493286,
        2.4108030796051025,
        1.8853294849395752,
        1.825933575630188,
        2.969735860824585,
        7.112320423126221,
        1.6300103664398193,
        1.6224730014801025,
        1.352082371711731,
        1.0719629526138306,
        1.104508399963379,
        2.4178028106689453,
        0.8417612314224243,
        1.131709337234497,
        0.830799400806427,
        0.8105345368385315,
        0.8079235553741455,
        0.7998661994934082,
        0.7912765741348267,
        0.7893884181976318,
        0.7924461364746094,
        0.7760961055755615,
        0.7596449255943298,
        0.7730391621589661,
        0.7660933136940002,
        0.745691180229187,
        0.731351375579834,
        0.732110321521759,
        0.7281349897384644,
        0.7257946729660034,
        0.7256117463111877,
        0.7358760237693787,
        0.7242169380187988,
        0.7171220183372498,
        0.7114789485931396,
        0.7172583937644958,
        0.7109798789024353,
        0.7222333550453186,
        0.721018373966217,
        0.7094534635543823,
        0.7103334665298462,
        0.7132384777069092,
        0.7176466584205627,
        0.713887095451355,
        0.7095037698745728
    ],
    "val_accuracy": [
        0.31610751152038574,
        3.9843813283368945e-05,
        0.5104125142097473,
        0.5104125142097473,
        0.5104125142097473,
        0.5104125142097473,
        0.5104125142097473,
        0.5104125142097473,
        0.5103859305381775,
        0.5104125142097473,
        0.5104125142097473,
        0.5104125142097473,
        0.6261189579963684,
        0.7368183135986328,
        0.7279862761497498,
        0.4994554817676544,
        0.7762371301651001,
        0.6947698593139648,
        0.7709910273551941,
        0.7750152945518494,
        0.777047336101532,
        0.7741386890411377,
        0.7775653004646301,
        0.7779769897460938,
        0.7755863666534424,
        0.781470000743866,
        0.7806465029716492,
        0.7807926535606384,
        0.7798230648040771,
        0.7826918363571167,
        0.7821472883224487,
        0.784232497215271,
        0.7842457294464111,
        0.7830371856689453,
        0.7838738560676575,
        0.7809121608734131,
        0.7831832766532898,
        0.7849363684654236,
        0.7854676246643066,
        0.7852020263671875,
        0.7859457731246948,
        0.785095751285553,
        0.7836348414421082,
        0.7841395139694214,
        0.7862512469291687,
        0.7821605801582336,
        0.7845910787582397,
        0.7841926217079163,
        0.7847902774810791
    ],
    "lr": [
        0.0010000000474974513,
        0.0010000000474974513,
        0.0010000000474974513,
        0.0010000000474974513,
        0.0010000000474974513,
        0.0010000000474974513,
        0.0010000000474974513,
        0.0010000000474974513,
        0.0010000000474974513,
        0.00020000000949949026,
        0.00020000000949949026,
        0.00020000000949949026,
        0.00020000000949949026,
        0.00020000000949949026,
        0.00020000000949949026,
        4.0000002627493814e-05,
        4.0000002627493814e-05,
        4.0000002627493814e-05,
        4.0000002627493814e-05,
        4.0000002627493814e-05,
        4.0000002627493814e-05,
        4.0000002627493814e-05,
        4.0000002627493814e-05,
        4.0000002627493814e-05,
        4.0000002627493814e-05,
        4.0000002627493814e-05,
        4.0000002627493814e-05,
        4.0000002627493814e-05,
        9.999999747378752e-06,
        9.999999747378752e-06,
        9.999999747378752e-06,
        9.999999747378752e-06,
        9.999999747378752e-06,
        9.999999747378752e-06,
        9.999999747378752e-06,
        9.999999747378752e-06,
        9.999999747378752e-06,
        9.999999747378752e-06,
        9.999999747378752e-06,
        9.999999747378752e-06,
        9.999999747378752e-06,
        9.999999747378752e-06,
        9.999999747378752e-06,
        9.999999747378752e-06,
        9.999999747378752e-06,
        9.999999747378752e-06,
        9.999999747378752e-06,
        9.999999747378752e-06,
        9.999999747378752e-06
    ]
}