{
    "loss": [
        1.3897517919540405,
        1.5998730659484863,
        1.5957667827606201,
        1.5942288637161255,
        1.5960081815719604,
        1.6007020473480225,
        1.599849820137024,
        1.5997875928878784,
        1.599618673324585
    ],
    "accuracy": [
        0.5890663266181946,
        0.5036156177520752,
        0.5034109950065613,
        0.5033428072929382,
        0.5034210085868835,
        0.5034511089324951,
        0.5034511089324951,
        0.5034511089324951,
        0.5034511089324951
    ],
    "val_loss": [
        1.5948923826217651,
        1.5876646041870117,
        1.582489013671875,
        1.5822246074676514,
        1.5921052694320679,
        1.5922914743423462,
        1.5917359590530396,
        1.5917510986328125,
        1.591784119606018
    ],
    "val_accuracy": [
        0.5104125142097473,
        0.5103328227996826,
        0.5104125142097473,
        0.5104125142097473,
        0.5104125142097473,
        0.5104125142097473,
        0.5104125142097473,
        0.5104125142097473,
        0.5104125142097473
    ],
    "lr": [
        0.0010000000474974513,
        0.0010000000474974513,
        0.0010000000474974513,
        0.0010000000474974513,
        0.0010000000474974513,
        0.00020000000949949026,
        0.00020000000949949026,
        4.0000002627493814e-05,
        4.0000002627493814e-05
    ]
}