{
    "loss": [
        0.9687046408653259,
        1.1661107540130615,
        0.9119113683700562,
        0.7995042204856873,
        0.7529355883598328,
        0.7523368000984192,
        0.7531393766403198,
        0.7464004158973694,
        0.7662168741226196,
        0.7342113256454468,
        0.7947431802749634,
        0.7357843518257141,
        0.7319301962852478,
        0.7286494374275208,
        0.7290949821472168,
        0.7325858473777771,
        0.7360818982124329,
        0.7326730489730835,
        0.7271674871444702,
        0.727929413318634,
        0.7294799089431763,
        0.7263822555541992,
        0.7267462015151978,
        0.7308387160301208
    ],
    "accuracy": [
        0.769531786441803,
        0.7312454581260681,
        0.7799313068389893,
        0.7811669707298279,
        0.7837063670158386,
        0.7835670113563538,
        0.7835047841072083,
        0.7848747968673706,
        0.7813795804977417,
        0.7850583791732788,
        0.7767018675804138,
        0.7849420309066772,
        0.7853341698646545,
        0.7857474088668823,
        0.7857905030250549,
        0.78505939245224,
        0.7848597764968872,
        0.7851265668869019,
        0.7860021591186523,
        0.78599613904953,
        0.7854334712028503,
        0.7865266799926758,
        0.786213755607605,
        0.7855929136276245
    ],
    "val_loss": [
        0.9053730368614197,
        0.9290274977684021,
        0.9836573004722595,
        0.7651282548904419,
        0.7458701729774475,
        0.7417641878128052,
        0.7782848477363586,
        0.7865453362464905,
        0.7310435771942139,
        0.9113650321960449,
        0.7380471229553223,
        0.7335442304611206,
        0.7301027178764343,
        0.7259366512298584,
        0.726952075958252,
        0.7727109789848328,
        0.7264124751091003,
        0.7274641990661621,
        0.7247494459152222,
        0.7270545363426208,
        0.7247767448425293,
        0.7304409146308899,
        0.7263973951339722,
        0.7270221710205078
    ],
    "val_accuracy": [
        0.778986394405365,
        0.7794644832611084,
        0.7831699848175049,
        0.784272313117981,
        0.7870746850967407,
        0.7877254486083984,
        0.78311687707901,
        0.7810582518577576,
        0.7878715395927429,
        0.7676839828491211,
        0.7865434288978577,
        0.7874730825424194,
        0.7868887186050415,
        0.7884293794631958,
        0.7880442142486572,
        0.7832894921302795,
        0.7885223031044006,
        0.7882168292999268,
        0.7894387245178223,
        0.788150429725647,
        0.7892528176307678,
        0.7879910469055176,
        0.7886019945144653,
        0.7879910469055176
    ],
    "lr": [
        0.0010000000474974513,
        0.0010000000474974513,
        0.00020000000949949026,
        0.00020000000949949026,
        0.00020000000949949026,
        0.00020000000949949026,
        0.00020000000949949026,
        4.0000002627493814e-05,
        4.0000002627493814e-05,
        4.0000002627493814e-05,
        9.999999747378752e-06,
        9.999999747378752e-06,
        9.999999747378752e-06,
        9.999999747378752e-06,
        9.999999747378752e-06,
        9.999999747378752e-06,
        9.999999747378752e-06,
        9.999999747378752e-06,
        9.999999747378752e-06,
        9.999999747378752e-06,
        9.999999747378752e-06,
        9.999999747378752e-06,
        9.999999747378752e-06,
        9.999999747378752e-06
    ]
}