{
    "loss": [
        0.6859037280082703,
        0.6598200798034668,
        0.6928595304489136,
        0.6164460778236389,
        0.5787550806999207,
        0.550605297088623,
        0.5469437837600708,
        0.538427472114563,
        0.5322902202606201,
        0.5267972350120544,
        0.5225575566291809,
        0.5155134201049805,
        0.5089278221130371,
        0.5065682530403137,
        0.5022435784339905,
        0.4960825741291046,
        0.4909375309944153,
        0.48568928241729736,
        0.4804478883743286,
        0.49686455726623535,
        0.47527164220809937,
        0.4712250530719757,
        0.466987669467926,
        0.4617650508880615,
        0.461174339056015,
        0.45469987392425537,
        0.4486197829246521,
        0.4763007164001465,
        0.4345979392528534,
        0.43013155460357666,
        0.4280238449573517,
        0.42618903517723083,
        0.4223214089870453,
        0.4214474856853485,
        0.4213685095310211,
        0.42056745290756226,
        0.420535683631897,
        0.4198836088180542
    ],
    "accuracy": [
        0.7946134209632874,
        0.8126723766326904,
        0.8170522451400757,
        0.8227539658546448,
        0.8245231509208679,
        0.8280354738235474,
        0.8294596076011658,
        0.8312127590179443,
        0.8328425884246826,
        0.8341694474220276,
        0.8352606296539307,
        0.8369024991989136,
        0.8384670615196228,
        0.8390648365020752,
        0.8406484723091125,
        0.8422973155975342,
        0.8434587121009827,
        0.8446853160858154,
        0.8459941744804382,
        0.8437595963478088,
        0.847574770450592,
        0.8491483926773071,
        0.8502245545387268,
        0.8513558506965637,
        0.8519656658172607,
        0.8535162210464478,
        0.8551349639892578,
        0.8491855263710022,
        0.8589802384376526,
        0.8601276278495789,
        0.8607574701309204,
        0.8611225485801697,
        0.862223744392395,
        0.8626219034194946,
        0.8626540303230286,
        0.862796425819397,
        0.8628676533699036,
        0.86311936378479
    ],
    "val_loss": [
        0.6461624503135681,
        0.6978318691253662,
        0.6768495440483093,
        0.58493572473526,
        0.5612490177154541,
        0.5511917471885681,
        0.5534587502479553,
        0.5389471054077148,
        0.5636515021324158,
        0.5367491245269775,
        0.5328077077865601,
        0.5271490216255188,
        0.5208845138549805,
        0.5214188098907471,
        0.5201129913330078,
        0.5189188122749329,
        0.5103028416633606,
        0.5087738037109375,
        0.5055651664733887,
        0.5051748752593994,
        0.5053024888038635,
        0.5049744844436646,
        0.5028447508811951,
        0.501193642616272,
        0.5010307431221008,
        0.49885645508766174,
        0.49889621138572693,
        0.500575602054596,
        0.4958418309688568,
        0.49528437852859497,
        0.4952467679977417,
        0.4958626329898834,
        0.49480026960372925,
        0.49488458037376404,
        0.49494823813438416,
        0.4949492812156677,
        0.49497339129447937,
        0.4953497350215912
    ],
    "val_accuracy": [
        0.8086965680122375,
        0.8114723563194275,
        0.8224427103996277,
        0.823505163192749,
        0.8275958299636841,
        0.8292161226272583,
        0.8311153650283813,
        0.8329481482505798,
        0.8286848664283752,
        0.834502100944519,
        0.8341036438941956,
        0.8356708288192749,
        0.836773157119751,
        0.8382607102394104,
        0.8386591076850891,
        0.8398146033287048,
        0.8401067852973938,
        0.8405184745788574,
        0.8421255350112915,
        0.8417403697967529,
        0.8423513174057007,
        0.842802882194519,
        0.843055248260498,
        0.8437724113464355,
        0.8440247774124146,
        0.8437193036079407,
        0.8443833589553833,
        0.8438122272491455,
        0.8452067971229553,
        0.8452599048614502,
        0.8456052541732788,
        0.845618486404419,
        0.8458974361419678,
        0.8456981778144836,
        0.8459505438804626,
        0.8457114696502686,
        0.8456052541732788,
        0.8457778692245483
    ],
    "lr": [
        0.0010000000474974513,
        0.0010000000474974513,
        0.00020000000949949026,
        0.00020000000949949026,
        0.00020000000949949026,
        0.00020000000949949026,
        0.00020000000949949026,
        0.00020000000949949026,
        0.00020000000949949026,
        0.00020000000949949026,
        0.00020000000949949026,
        0.00020000000949949026,
        0.00020000000949949026,
        0.00020000000949949026,
        0.00020000000949949026,
        0.00020000000949949026,
        0.00020000000949949026,
        0.00020000000949949026,
        0.00020000000949949026,
        0.00020000000949949026,
        0.00020000000949949026,
        0.00020000000949949026,
        0.00020000000949949026,
        0.00020000000949949026,
        0.00020000000949949026,
        0.00020000000949949026,
        0.00020000000949949026,
        4.0000002627493814e-05,
        4.0000002627493814e-05,
        4.0000002627493814e-05,
        4.0000002627493814e-05,
        9.999999747378752e-06,
        9.999999747378752e-06,
        9.999999747378752e-06,
        9.999999747378752e-06,
        9.999999747378752e-06,
        9.999999747378752e-06,
        9.999999747378752e-06
    ]
}