{
    "loss": [
        1.7105032205581665,
        1.3659977912902832,
        1.431154727935791,
        1.4985971450805664,
        1.7296957969665527,
        1.5970664024353027,
        1.2229859828948975,
        1.1546462774276733,
        1.0772643089294434,
        1.0961400270462036,
        1.0930670499801636,
        0.9769800901412964,
        0.9043818712234497,
        0.8809476494789124,
        0.8692035675048828,
        0.8606407642364502,
        0.8529089689254761,
        0.8474854826927185,
        0.8463847637176514,
        0.8486266732215881,
        0.838308572769165,
        0.8278972506523132,
        0.8225973844528198,
        0.8194818496704102,
        0.814758837223053,
        0.81143718957901,
        0.8093380928039551,
        0.8070496320724487,
        0.804686427116394,
        0.8024959564208984,
        0.8024943470954895,
        0.8010959029197693,
        0.7994906306266785,
        0.7991983890533447,
        0.7996464967727661,
        0.8004013299942017,
        0.798102617263794,
        0.7959678769111633,
        0.7966312766075134,
        0.7960723042488098,
        0.7949542999267578,
        0.7933374643325806,
        0.7923544645309448,
        0.7925956845283508,
        0.7913919687271118,
        0.7904115915298462,
        0.7909388542175293,
        0.7905575633049011,
        0.7904803156852722,
        0.7928286790847778
    ],
    "accuracy": [
        0.5496797561645508,
        0.7594682574272156,
        0.7577542662620544,
        0.7748864889144897,
        0.768790602684021,
        0.7744392156600952,
        0.7747741937637329,
        0.7750871181488037,
        0.7749456763267517,
        0.7737511992454529,
        0.774992823600769,
        0.7760729789733887,
        0.7767499685287476,
        0.776602566242218,
        0.7766697406768799,
        0.7766185998916626,
        0.7771060466766357,
        0.7774079442024231,
        0.7778552174568176,
        0.7771762609481812,
        0.7778000831604004,
        0.7781370282173157,
        0.7782834768295288,
        0.7781079411506653,
        0.7784098386764526,
        0.7782453894615173,
        0.7784600257873535,
        0.7784369587898254,
        0.7784429788589478,
        0.7788451313972473,
        0.7786225080490112,
        0.7788581848144531,
        0.778907299041748,
        0.7786876559257507,
        0.7784258723258972,
        0.7784619927406311,
        0.7788050174713135,
        0.7791610360145569,
        0.7790497541427612,
        0.7788652181625366,
        0.7790868282318115,
        0.7793405652046204,
        0.7792031764984131,
        0.7791239619255066,
        0.7794007658958435,
        0.7791510224342346,
        0.7791690826416016,
        0.7792312502861023,
        0.779007613658905,
        0.7789273858070374
    ],
    "val_loss": [
        14.110518455505371,
        2.888650894165039,
        1.2004625797271729,
        2.001582384109497,
        2.688732624053955,
        1.3016960620880127,
        1.1949093341827393,
        1.0808595418930054,
        1.0593302249908447,
        1.1218353509902954,
        1.0758494138717651,
        0.930503785610199,
        0.8858734965324402,
        0.8803399205207825,
        0.863109290599823,
        0.8586704134941101,
        0.852892279624939,
        0.8452815413475037,
        0.8455615043640137,
        0.8464952111244202,
        0.8319051265716553,
        0.8276208639144897,
        0.8197357654571533,
        0.8194316029548645,
        0.8143285512924194,
        0.8117926716804504,
        0.8081003427505493,
        0.8077409267425537,
        0.8034344911575317,
        0.8040549159049988,
        0.8030962944030762,
        0.8024938702583313,
        0.7998665571212769,
        0.8002280592918396,
        0.8036420941352844,
        0.8021408915519714,
        0.8002104163169861,
        0.7972751259803772,
        0.7979046702384949,
        0.7988313436508179,
        0.7960066795349121,
        0.7938171625137329,
        0.7939115762710571,
        0.7957162261009216,
        0.7942875027656555,
        0.7894336581230164,
        0.7916135191917419,
        0.7938821911811829,
        0.792199432849884,
        0.7950541377067566
    ],
    "val_accuracy": [
        0.2645363509654999,
        0.5104125142097473,
        0.7789465188980103,
        0.7603527307510376,
        0.7768480777740479,
        0.7791191935539246,
        0.7794644832611084,
        0.7803012132644653,
        0.7779371738433838,
        0.774058997631073,
        0.7791457772254944,
        0.7804207801818848,
        0.7817355990409851,
        0.7796637415885925,
        0.781496524810791,
        0.7813637256622314,
        0.7808324694633484,
        0.7820277810096741,
        0.7811910510063171,
        0.78178870677948,
        0.7826254367828369,
        0.7821340560913086,
        0.7829840183258057,
        0.7827715277671814,
        0.7827582359313965,
        0.7828114032745361,
        0.7837145328521729,
        0.7832098007202148,
        0.7837012410163879,
        0.7835152745246887,
        0.7834488749504089,
        0.7833293676376343,
        0.7839535474777222,
        0.7829707264900208,
        0.7822269797325134,
        0.78315669298172,
        0.7827184200286865,
        0.7833824753761292,
        0.7836082577705383,
        0.7831699848175049,
        0.7835152745246887,
        0.7837676405906677,
        0.78311687707901,
        0.7837809324264526,
        0.783409059047699,
        0.7837145328521729,
        0.7829574942588806,
        0.7837410569190979,
        0.7837809324264526,
        0.782572329044342
    ],
    "lr": [
        0.0010000000474974513,
        0.0010000000474974513,
        0.0010000000474974513,
        0.0010000000474974513,
        0.00020000000949949026,
        0.00020000000949949026,
        0.00020000000949949026,
        0.00020000000949949026,
        0.00020000000949949026,
        0.00020000000949949026,
        4.0000002627493814e-05,
        4.0000002627493814e-05,
        4.0000002627493814e-05,
        4.0000002627493814e-05,
        4.0000002627493814e-05,
        4.0000002627493814e-05,
        4.0000002627493814e-05,
        4.0000002627493814e-05,
        4.0000002627493814e-05,
        9.999999747378752e-06,
        9.999999747378752e-06,
        9.999999747378752e-06,
        9.999999747378752e-06,
        9.999999747378752e-06,
        9.999999747378752e-06,
        9.999999747378752e-06,
        9.999999747378752e-06,
        9.999999747378752e-06,
        9.999999747378752e-06,
        9.999999747378752e-06,
        9.999999747378752e-06,
        9.999999747378752e-06,
        9.999999747378752e-06,
        9.999999747378752e-06,
        9.999999747378752e-06,
        9.999999747378752e-06,
        9.999999747378752e-06,
        9.999999747378752e-06,
        9.999999747378752e-06,
        9.999999747378752e-06,
        9.999999747378752e-06,
        9.999999747378752e-06,
        9.999999747378752e-06,
        9.999999747378752e-06,
        9.999999747378752e-06,
        9.999999747378752e-06,
        9.999999747378752e-06,
        9.999999747378752e-06,
        9.999999747378752e-06,
        9.999999747378752e-06
    ]
}