{
    "loss": [
        0.9946871995925903,
        1.6150121688842773,
        1.6012879610061646,
        1.4114502668380737,
        0.9724493026733398,
        0.7721261978149414,
        0.735168993473053,
        0.7179622650146484,
        0.7026709318161011,
        0.698296070098877,
        0.6983633637428284,
        0.6931040287017822,
        0.6834381818771362,
        0.6993330717086792,
        0.6961779594421387,
        0.6582304835319519,
        0.6603236198425293,
        0.6631611585617065,
        0.6515198945999146,
        0.6414874792098999,
        0.6280871033668518,
        0.620556116104126,
        0.6199730634689331,
        0.6156104803085327,
        0.6131062507629395,
        0.611519455909729,
        0.6124339699745178,
        0.6110027432441711,
        0.6094411611557007,
        0.6076611876487732,
        0.6037811636924744,
        0.6037749648094177,
        0.6028783917427063,
        0.602607250213623,
        0.6007379293441772,
        0.6031261086463928,
        0.6000869870185852,
        0.5997053384780884,
        0.6001792550086975,
        0.599000871181488,
        0.5988678336143494,
        0.5975291132926941,
        0.5972061157226562,
        0.5958799123764038,
        0.5952492952346802,
        0.5945342183113098,
        0.5939561128616333,
        0.5934006571769714,
        0.5922279953956604,
        0.5902237296104431
    ],
    "accuracy": [
        0.734355628490448,
        0.5036517381668091,
        0.5121917724609375,
        0.5642685890197754,
        0.7052993774414062,
        0.7706621289253235,
        0.7810736894607544,
        0.7842700481414795,
        0.788491427898407,
        0.7899777889251709,
        0.7922585010528564,
        0.7943757176399231,
        0.7971538305282593,
        0.7919846773147583,
        0.7911973595619202,
        0.7992229461669922,
        0.7989521026611328,
        0.7978799939155579,
        0.7999109625816345,
        0.8026610016822815,
        0.8056908845901489,
        0.807409942150116,
        0.807788074016571,
        0.8082935214042664,
        0.8089995980262756,
        0.809360682964325,
        0.8088992834091187,
        0.8096073865890503,
        0.8095040917396545,
        0.8098009824752808,
        0.8107095956802368,
        0.8108309507369995,
        0.811147928237915,
        0.811234176158905,
        0.8118880987167358,
        0.8112161159515381,
        0.8116884827613831,
        0.8119502663612366,
        0.8119542598724365,
        0.8121799230575562,
        0.8120194673538208,
        0.8121759295463562,
        0.8125079274177551,
        0.8126954436302185,
        0.8128599524497986,
        0.812829852104187,
        0.8133092522621155,
        0.8135349154472351,
        0.8138408064842224,
        0.8140825033187866
    ],
    "val_loss": [
        1.6229362487792969,
        1.8152376413345337,
        2.0984508991241455,
        1.612418293952942,
        0.8001747727394104,
        0.8239312171936035,
        0.7201083302497864,
        0.7288114428520203,
        0.6951501965522766,
        0.7161625623703003,
        0.6889108419418335,
        0.6852160096168518,
        0.677147626876831,
        0.723876416683197,
        0.665881335735321,
        0.6745840907096863,
        0.6646170616149902,
        0.6403873562812805,
        0.6531461477279663,
        0.6460973024368286,
        0.6245518326759338,
        0.6189659237861633,
        0.6211263537406921,
        0.61420738697052,
        0.6157451272010803,
        0.6115379929542542,
        0.612014889717102,
        0.6159706115722656,
        0.6101769804954529,
        0.6066892147064209,
        0.6140159964561462,
        0.6034579277038574,
        0.6042146682739258,
        0.6062435507774353,
        0.6037805080413818,
        0.6013415455818176,
        0.6046972274780273,
        0.6026350259780884,
        0.6014435291290283,
        0.6007869839668274,
        0.6008173227310181,
        0.6018317341804504,
        0.5990580320358276,
        0.598312497138977,
        0.5978690981864929,
        0.5984011292457581,
        0.5995372533798218,
        0.5954166054725647,
        0.5965971946716309,
        0.5979348421096802
    ],
    "val_accuracy": [
        0.5104125142097473,
        0.5104125142097473,
        0.5104125142097473,
        0.5105054974555969,
        0.7733285427093506,
        0.7761176228523254,
        0.7877254486083984,
        0.7861316800117493,
        0.7942996621131897,
        0.790620744228363,
        0.7954285740852356,
        0.7976199984550476,
        0.7998114228248596,
        0.787566065788269,
        0.7992402911186218,
        0.7987754940986633,
        0.7996785640716553,
        0.8030918836593628,
        0.8016176819801331,
        0.8047254681587219,
        0.8085504770278931,
        0.8094801902770996,
        0.809134840965271,
        0.8102637529373169,
        0.8107684254646301,
        0.8108215928077698,
        0.8120036125183105,
        0.8093606233596802,
        0.8114590644836426,
        0.811897337436676,
        0.810502827167511,
        0.8128801584243774,
        0.8128270506858826,
        0.8123090863227844,
        0.8136371970176697,
        0.8134114146232605,
        0.8134911060333252,
        0.8134247064590454,
        0.8133051991462708,
        0.8137699961662292,
        0.8135309815406799,
        0.8137965798377991,
        0.8140489459037781,
        0.8144208192825317,
        0.8146466016769409,
        0.815177857875824,
        0.8145536184310913,
        0.8159880042076111,
        0.8157755136489868,
        0.8151246905326843
    ],
    "lr": [
        0.0010000000474974513,
        0.0010000000474974513,
        0.00020000000949949026,
        0.00020000000949949026,
        0.00020000000949949026,
        0.00020000000949949026,
        0.00020000000949949026,
        0.00020000000949949026,
        0.00020000000949949026,
        0.00020000000949949026,
        0.00020000000949949026,
        0.00020000000949949026,
        0.00020000000949949026,
        0.00020000000949949026,
        0.00020000000949949026,
        0.00020000000949949026,
        0.00020000000949949026,
        0.00020000000949949026,
        0.00020000000949949026,
        4.0000002627493814e-05,
        4.0000002627493814e-05,
        4.0000002627493814e-05,
        4.0000002627493814e-05,
        4.0000002627493814e-05,
        4.0000002627493814e-05,
        4.0000002627493814e-05,
        4.0000002627493814e-05,
        9.999999747378752e-06,
        9.999999747378752e-06,
        9.999999747378752e-06,
        9.999999747378752e-06,
        9.999999747378752e-06,
        9.999999747378752e-06,
        9.999999747378752e-06,
        9.999999747378752e-06,
        9.999999747378752e-06,
        9.999999747378752e-06,
        9.999999747378752e-06,
        9.999999747378752e-06,
        9.999999747378752e-06,
        9.999999747378752e-06,
        9.999999747378752e-06,
        9.999999747378752e-06,
        9.999999747378752e-06,
        9.999999747378752e-06,
        9.999999747378752e-06,
        9.999999747378752e-06,
        9.999999747378752e-06,
        9.999999747378752e-06,
        9.999999747378752e-06
    ]
}