{
    "loss": [
        1.4857712984085083,
        1.2500391006469727,
        0.9471240639686584,
        1.3346468210220337,
        1.0330365896224976,
        1.376627802848816,
        1.4903138875961304,
        1.415475845336914,
        1.4536548852920532,
        1.4710818529129028
    ],
    "accuracy": [
        0.5423773527145386,
        0.6625829935073853,
        0.7621551752090454,
        0.6089105606079102,
        0.7131212949752808,
        0.5921092629432678,
        0.5508812665939331,
        0.5508702397346497,
        0.5329095721244812,
        0.5260123014450073
    ],
    "val_loss": [
        1.4809045791625977,
        0.9296677708625793,
        0.9211822748184204,
        1.7035801410675049,
        0.856701672077179,
        1.469949722290039,
        1.5108728408813477,
        1.3936517238616943,
        1.4639716148376465,
        1.4502290487289429
    ],
    "val_accuracy": [
        0.528169572353363,
        0.7751480937004089,
        0.7678168416023254,
        0.5436024069786072,
        0.7818152904510498,
        0.5536032319068909,
        0.5537094473838806,
        0.5540415048599243,
        0.5295640826225281,
        0.5324859619140625
    ],
    "lr": [
        0.0010000000474974513,
        0.0010000000474974513,
        0.0010000000474974513,
        0.0010000000474974513,
        0.0010000000474974513,
        0.0010000000474974513,
        0.00020000000949949026,
        0.00020000000949949026,
        4.0000002627493814e-05,
        4.0000002627493814e-05
    ]
}