{
    "loss": [
        1.2087211608886719,
        1.811117172241211,
        1.6845275163650513,
        1.7280805110931396,
        1.646638035774231,
        1.6049493551254272,
        1.6056573390960693,
        1.609012484550476,
        1.6115483045578003,
        1.603785514831543,
        1.5668734312057495,
        1.5626775026321411,
        1.5802801847457886,
        1.577229380607605,
        1.5757699012756348,
        1.5987253189086914
    ],
    "accuracy": [
        0.7586669325828552,
        0.5037309527397156,
        0.5034511089324951,
        0.5034500956535339,
        0.5034511089324951,
        0.5034511089324951,
        0.5034511089324951,
        0.5034500956535339,
        0.5034350752830505,
        0.5047178268432617,
        0.5067046880722046,
        0.5071439743041992,
        0.5046095252037048,
        0.503428041934967,
        0.5034711956977844,
        0.5034431219100952
    ],
    "val_loss": [
        8.926959037780762,
        2.0681324005126953,
        4.296038627624512,
        2.8454177379608154,
        8.262032508850098,
        2.0448672771453857,
        2.833376884460449,
        1.7371915578842163,
        1.8497334718704224,
        1.554988145828247,
        1.5365095138549805,
        1.5740989446640015,
        3.0303423404693604,
        4.077098369598389,
        2.962719202041626,
        2.7240607738494873
    ],
    "val_accuracy": [
        0.0,
        0.5104125142097473,
        0.5104125142097473,
        0.5104125142097473,
        9.29688976611942e-05,
        0.5104125142097473,
        0.5104125142097473,
        0.5104125142097473,
        0.5103992223739624,
        0.5163625478744507,
        0.5169867277145386,
        0.5143305063247681,
        0.5104125142097473,
        0.5104125142097473,
        0.5104125142097473,
        0.5104125142097473
    ],
    "lr": [
        0.0010000000474974513,
        0.0010000000474974513,
        0.0010000000474974513,
        0.00020000000949949026,
        0.00020000000949949026,
        0.00020000000949949026,
        0.00020000000949949026,
        0.00020000000949949026,
        0.00020000000949949026,
        0.00020000000949949026,
        0.00020000000949949026,
        0.00020000000949949026,
        4.0000002627493814e-05,
        4.0000002627493814e-05,
        9.999999747378752e-06,
        9.999999747378752e-06
    ]
}